hosts;0.3731977719871735
jekyll;0.7168582723319201
detention;0.38577042045147614
proerbial;0.44218999930908853
nine;0.39225467274931874
peddling;0.41887989993030533
royalty;0.37927092887187064
declaration;0.40162827510334537
paralympic;0.3903049995359531
debbie;0.40639421287333666
castaway;0.4878812494199414
gueara;0.3777145156799546
businesswoman;0.3760399822012697
poerty;0.39942467856878844
session;0.3928493579295439
benefit;0.7496774189258232
wilde;0.480069010094207
exhibition;0.41217190292773576
singer;0.4048218694863206
bilbo;0.45956159325977586
stryker;0.5888762518914106
stepford;0.5575785707656472
action-adenture;0.5974619262328806
serer;0.40049645604621664
heffley;0.4269384303133621
neuroses;0.5714384868816713
charlie;0.3853709531647691
hunts;0.42968905607782437
meddlesome;0.4423516184608827
junction;0.3722324492314528
hustler;0.37106986319336327
impostor;0.3776270500118861
ratings;0.3757760538729586
saddam;0.41056358007797955
championships;0.45185237243373716
leningrad;0.37554749648923924
glowing;0.6146209568751585
scorch;0.47351925027228303
exorcisms;0.38742739035798773
andy;0.3843618261419395
touchy;0.5071901006701318
emcee;0.5640814623380881
explore;0.4614774488534267
insult;0.693318455057057
eleator;0.5452284489652807
cady;0.3930253520046536
stan;0.37428276842378194
updated;0.5167790336304916
frustrations;0.48066195413619506
hazing;0.42031870228269763
11th;0.382014156123288
gallerist;0.4727171284479934
federal;0.37767580755485425
ease;0.43520805195157664
adertising;0.518309118217458
1966;0.3921135859604964
metal;0.4195198449958679
dominic;0.7651082710516337
ministers;0.49362148259516303
shirt;0.38846557992514874
spider;0.4804219857669453
guerrillas;0.4362597621189582
thor;0.45374936994056525
stages;0.43433392189369846
feudal;0.44254736150724994
sci-fithriller;0.5322340902762998
todds;0.4746952697058889
1988;0.38160857988408153
origins;0.6523931632615343
allison;0.4834582722930131
jnssonligan;0.5854574993039297
nationalist;0.761210899532703
marigold;0.4159910730342342
gunmen;0.5766782290628072
blankfield;0.5322340902762998
werewolf;0.4575424435214984
genetic;0.4554952249898591
saucer;0.4878812494199414
documentary-style;0.3930253520046536
mina;0.3795291640586041
wrestler;0.5126689586041764
blow-out;0.37221423468608034
treasury;0.3821821228534216
trainees;0.6938848917033454
gilliam;0.39721369820977226
flirt;0.3914836355438843
gambling;0.3970692637369479
mill;0.3968257105156095
doppelgnger;0.4290230514388427
impulsie;0.4171387563851351
bennett;0.3718219785644784
enelope;0.40614947632050064
nicky;0.47234170272662457
edie;0.38586769587405556
broadcasting;0.3882179964040915
skin;0.4042929505587129
counterparts;0.3717367035625072
shop;0.390192544302524
bubble;0.43223116168831355
gender;0.5629929689502144
redemption;0.5475585567785212
pastor;0.4050563407700131
zombie;0.4041837032917982
crab;0.38608431107927943
genius-leel;0.37406311903276
diablo;0.49162333408353476
braxton;0.42192963852818344
ex-hitman;0.4503519225414843
publisher;0.41764520342410627
spotted;0.4254703068235248
assassinate;0.4184327510399374
intruders;0.418648856770079
competitor;0.4499903434264553
cons;0.421256781608478
pentagon;0.39064818253688344
exec;0.40230126139971045
mutated;0.37400574528943187
poppins;0.39708238789631456
memory;0.3945909478092535
bare;0.4130267212519914
ineyard;0.5386748353227574
boxer;0.5251951073175816
blinded;0.39997176836472115
inestment;0.4500374133728164
2010;0.3952660568048464
composer;0.3982263598179815
bourgeois;0.38517691947614285
michle;0.3903049995359531
1915;0.40876758899550125
enrolls;0.3771118044003276
inhabitants;0.38782299422649774
buster;0.6095086870161566
elsa;0.42738042888216676
laden;0.5055447068124375
befriends;0.41548595739734334
adulterous;0.42690441908605836
connecticut;0.4780312917016857
flashback;0.37671265177894137
burnham;0.37362703062828506
orga;0.4878812494199414
crop;0.4501450392275158
senior;0.38553724698843383
landlord;0.379910518298875
daffy;0.4628688549386602
auctioneer;0.4427474567461629
gunman;0.39934834203388214
directing;0.5151963174099099
ronny;0.4058853560071183
dissole;0.4355462089461
trent;0.45409280147108955
hectic;0.4076328861254437
duran;0.3903049995359531
impersonate;0.42966988039253856
yates;0.42106032718311603
endetta;0.6136266786137172
wheelchairs;0.3903049995359531
deacon;0.41334246215715287
neurosurgeon;0.5004892597443131
matrix;0.37580542906207226
manufacturing;0.5311009899048891
lucifer;0.41818392807423543
presidential;0.38026662856227245
express;0.5056560737296113
cats;0.3894353418373536
construct;0.46492870224344873
bathory;0.46220328892415496
mela;0.7061050659085192
mist;0.37525031506182344
carmilla;0.3903049995359531
democratic;0.3768035081831832
outsmart;0.4254703068235247
building-block;0.5854574993039297
gifts;0.4070332941795645
january;0.3826901772912615
pryors;0.40049645604621664
anarchist;0.6247177766565604
gimli;0.5361837799525853
hailed;0.40184322849193743
wepner;0.7318218741299121
terminal;0.41353903852386026
design;0.39492025838459643
busan;0.3903049995359531
millionaire;0.3761230382054634
colombia;0.4450550622375603
loaded;0.3864300635634796
plummer;0.4372493928518174
morty;0.3991755677072248
incent;0.37984982435512765
yacht;0.4348792698126033
bikers;0.4594491203026314
unierses;0.8363678561484709
byrnes;0.3768213746368666
choreographer;0.3708629123334483
trucker;0.39584716294024536
nicole;0.567074596877271
classified;0.3979982631969092
machinery;0.5439779301373596
pre-fame;0.4878812494199414
regains;0.4981102258299016
rainey;0.428383536076046
ditsy;0.41818392807423543
barbara;0.4269637425838758
hopeless;0.3800401589379381
inner-city;0.478295486961519
nightclubs;0.40478911063092027
queenie;0.4380709330661765
true-crime;0.4499903434264553
cannibal;0.7391151378423626
wrenching;0.3929740231092631
capture;0.4607584541837914
students;0.3905390717715377
lego;1.1341785596313816
sherlock;0.4875645403773864
astronauts;0.3700090384062814
2012;0.5178342587436644
simone;0.44069507762014787
guards;0.3768446953748442
pool;0.476196523805246
spirited;0.4079163115023532
standard;0.3813121265787519
defuse;0.4981102258299016
weak-willed;0.43985245677466306
enrolling;0.5007299953189857
joel;0.4161521523167716
ferent;0.8363678561484709
saint;0.4129702357377508
slights;0.426101967170483
200000;0.40879430483084545
bride;0.47051958442923925
pension;0.38888054370187497
terrorist;0.3742900133390034
alfie;0.5671153261411412
crewmen;0.5536918217469553
adopt;0.3803798182880801
hooks;0.48765515002895077
depressed;0.47892773403009
hostility;0.37747338108662
templar;0.5064239149981982
inestigator;0.4323129346532749
tokyo;0.39435840401077027
reassesses;0.41818392807423543
wizards;0.4485283864952452
disrupted;0.3721222064044764
hayley;0.5208642433825112
beating;0.40562585239526544
fancy;0.4237080737330149
solutions;0.6649830583227156
spice;0.48517150110213725
importer;0.427133691061937
childless;0.4076328861254437
purge;0.65331931341915
prospectie;0.6038450664704114
graduates;0.4317835619321494
rooming;0.39062576370287855
tyranny;0.43308351387361566
clay;0.3912978949287515
wilsons;0.4355462089461
emptiness;0.374122268798578
irgin;0.4214275938652169
abducted;0.3766741339636557
comatose;0.5403092575933077
kaufman;0.6620982654176761
aspiring;0.44316174467407216
gambler;0.4035069006059364
editors;0.4503519225414843
alma;0.5929697312987988
derelict;0.4210890028508303
apply;0.41575349960588803
brody;0.4860822704479043
network;0.4400499740565494
basketball;0.37816802940897887
adanced;0.39833727045082373
baaro;0.4503519225414843
fisherman;0.46991312117461165
chocolate;0.38801901472064926
capital;0.38665830349515395
deliery;0.410989855944403
terrorizes;0.5139881540183929
journalism;0.4701446560991681
operaties;0.48054974483695
quadriplegic;0.5748532553270458
alluring;0.40187772157779444
megan;0.4081598002313541
mousy;0.3903049995359531
writer;0.4244759146669294
enue;0.3848984535503742
celestine;0.41818392807423543
bachelors;0.5777653792142142
matthews;0.3702687559472997
illusionist;0.38517691947614285
burgundy;0.4911005723320821
lizzie;0.7323311173451197
mcguire;0.49204600648660557
juilliard-trained;0.3903049995359531
hitlers;0.4336964586999425
deena;0.48457741482482486
re-examines;0.41818392807423543
comedies;0.3986664780587555
samurai;0.4162551167630767
cruise;0.5189544283995842
consultant;0.7384457137522857
monarch;0.6761464809379969
interstellar;0.562823171131088
stanford;0.4083245708869687
topper;0.46373273857982983
turtles;0.42870180860719953
kermit;0.5105831823920344
hooligan;0.5322340902762998
hatching;0.4503519225414843
earnshaws;0.3903049995359531
earp;0.6914745229957351
hunger;0.40507404315101414
low-lifes;0.41818392807423543
krueger;0.38096125921894897
choir;0.44759689456911456
mafias;0.49793733092333103
iran;0.6163682077010858
narrow;0.4258529303690976
shifting;0.707055534003409
sergio;0.41683390202294
tracy;0.423114464634509
springfield;0.4368469940400156
found-footagedocumentary;0.6505083325599218
crippled;0.6241947854403377
patrons;0.6509793288400051
consuming;0.37406311903276
kung;0.6203182808612937
ageing;0.5392476872665999
dunson;0.41818392807423543
handlers;0.44440906784907297
buzz;0.42704950178139933
chon;0.4689195503604426
conquest;0.4675768240018542
tempted;0.42029632063065037
dante;0.43396135393920465
exposure;0.43119989698707895
owed;0.37359902087018837
climbers;0.39531315419919916
setting;0.5947100228030231
warring;0.40754486951271673
weaer;0.3842308177454743
rambo;0.5147380884877014
clown;0.40226785651053154
concerning;0.47666076309097144
boxes;0.4181125216572298
ictimized;0.4878812494199414
seminar;0.5854574993039297
bayou;0.4673102331879673
mccarthys;0.5849874464543919
callous;0.3922107234964751
reform;0.3864053401839344
picking;0.37172404912679224
razor-wielding;0.4878812494199414
shipwrecked;0.48084158427227547
denmark;0.6072872002219272
infinite;0.3707327849957875
production;0.44023497971006453
musical;0.4029055691968948
gritty;0.4020594525079332
prescription;0.5004892597443131
muoz;0.5322340902762998
doling;0.45595045384074395
insight;0.4880691639478533
cher;0.403315911542489
examine;0.5670892798156908
hyde;0.7111490134107972
picard;0.39469619119744365
attal;0.41818392807423543
gresham;0.41818392807423543
mcmasters;0.5665717735199319
thrie;0.4047560169182745
undefeated;0.6759854936806307
horse;0.3975922924462847
peggy;0.4156700922680041
regional;0.3707064063805232
ladies;0.39050873119799984
sand;0.5498106093499701
litigation;0.5322340902762998
influential;0.8113625028074872
baggins;0.513731170710047
salt;0.49355981074576327
ernest;0.42336744947091454
impetuous;0.3912656964388128
rated;0.6680412197164352
firing;0.502251930669624
surialist;0.3929740231092631
hallows;0.3821821228534216
shallow;0.5298109636995518
gores;0.6893791456533238
undergoing;0.4288798392560757
leftist;0.49258202202237494
encampment;0.4608366715160994
adapt;0.44881026494463083
mutates;0.48147114934517854
lighthouse;0.49771893735713657
discouraged;0.384424620805291
doubting;0.38517691947614285
bandits;0.4009319355159595
contacts;0.3895676225538231
rachel;0.41880342856409863
pakistani;0.5133179581579401
algerian;0.7031667285663903
camille;0.374122268798578
deliering;0.44832105293835733
pistols;0.5369461961999039
pagan;0.4686839435250143
kakihara;0.4336722217066145
peterson;0.41507881190915924
prospero;0.3806224626580128
concert;0.5405955316081575
responsibilities;0.3894475442855073
profiler;0.39021461074716446
witch;0.38508284992234565
maryland;0.37532359387735437
inspiration;0.5311833392401925
journeys;0.38201490867937776
golem;0.3818201082416932
peyton;0.44251923938489224
scott;0.5729665221054417
incriminating;0.374122268798578
crippling;0.44587101851031985
shepherd;0.4088841262339495
transcend;0.40488563838148495
chrissie;0.38137583145499665
skeleton;0.38616449568400835
dexter;0.5304936663694149
hallucinates;0.3903049995359531
afflicted;0.37024697752766583
helicopter;0.41618064445642955
pitch;0.3710160033189317
scoops;0.3903049995359531
sheet;0.6598343251253243
indiidual;0.41754485129495855
kristi;0.4926210075405405
mobsters;0.46110762542645856
presentation;0.42924188826856235
tenement;0.40624128225999434
sweden;0.38028208065015245
reconnects;0.3786058749731767
infatuation;0.4714463834790472
railway;0.40900420165733004
inhales;0.5322340902762998
threatened;0.37058196073631955
hanukkah;0.4878812494199414
pearls;0.5854574993039297
stumbling;0.3799725751700102
brendan;0.38983251565708144
directions;0.42217634614883703
checks;0.5019846693531782
owned;0.3939828972459102
unpublished;0.6136266786137172
reiled;0.5455771556640567
brands;0.6457377767688276
latino;0.41818392807423543
commandant;0.38255782119723797
pryor;0.40049645604621664
draco;0.3875842752228687
1890;0.3739252584058656
commandments;0.9222775056713386
lena;0.3999214593807081
castles;0.40098970612196116
coati;0.4503519225414843
sleight;0.4878812494199414
deadbeat;0.4034528375047939
defended;0.3938721447105856
zanti;0.5446116272594694
telephone;0.4403114952531355
internet;0.6124498600078121
patch;0.4225875138972539
karaoke;0.40031820675193014
golf;0.39127914818971266
phenomenon;0.395081465827125
fellowship;0.3845713132036527
high-profile;0.39327139557670954
roaming;0.4729533688919954
solid;0.39918335291163887
24-hour;0.49371295762703016
shoes;0.5897361815651968
lerman;0.447768168891016
surfer;0.4912116206495488
eliza;0.6005803635992026
20-year;0.4503519225414843
unscrupulous;0.37915125370252434
jian;0.40376379262339973
freddy;0.4868019385853198
traffic;0.4290091316113621
strode;0.3720458881303652
deckard;0.628075214834727
1937;0.426104875462744
ancestral;0.5408929034603973
manny;0.39391989934214705
rebuilding;0.464943132508269
adores;0.4832518392289587
persons;0.4075655361604767
moody;0.39801615012534763
espionage;0.3851715971190176
sudan;0.4343513554974569
adaption;0.7077625895374124
ghost;0.5250263978785579
rapture;0.4313038757420795
burglar;0.4592976078505242
anxiety;0.44603186297712905
million-dollar;0.47665643785172673
fans;0.5533582311486326
naigating;0.5406895260026069
arrials;0.9167210683532199
scottish;0.4615728387345547
bridget;0.5661766133360857
prostitute;0.46647299594240593
shaky;0.4718417263582749
bone-crushing;0.4114087958887422
ex-minor;0.4878812494199414
cafe;0.3768487585541813
insecure;0.5611031610904901
pals;0.4148084404781583
contestant;0.4076328861254437
hailland;0.40624128225999434
courting;0.38517691947614285
chelios;0.5670892798156908
portland;0.4448603268112947
brief;0.3838067597946885
cynical;0.37142749528965596
b-moies;0.39821367675071995
berlin;0.38938999447227396
seles;0.40650659354648344
glee;0.5641091066146056
sinkings;0.3903049995359531
organisation;0.3875165245986069
legendary;0.3791799710246182
clauss;0.4878812494199414
deputy;0.37738400591076593
fortress;0.38011399340432567
radicals;0.5279347987225455
sports;0.3773619701468257
satirical;0.3707327849957875
alice;0.44996178397841446
nikki;0.4838683810920958
amoral;0.39918335291163887
hotels;0.4062621813212977
1931;0.4193146732089782
hunted;0.43531911909440457
popeye;0.5848112984729241
normandy;0.3837880826468375
ultra-competitie;0.7693071625406656
despot;0.374122268798578
lester;0.37520307599492375
campaign;0.37036153588447646
isited;0.45311794823880874
world-renowned;0.4843033325766208
antony;0.3887940732287518
stamps;0.7410825815773231
call-girl;0.4303611350300749
freeloading;0.4212872556770312
perceied;0.38527399027238174
israels;0.3890216981641987
self-esteem;0.3900613489317051
probes;0.4503519225414843
technological;0.49194779989499593
coin;0.46773848095059056
1993;0.43326357533470233
dunn;0.5629929689502144
folds;0.4503519225414843
oldemort;0.45410331559292627
rabbit;0.37460084814012007
demon;0.452368280710727
initing;0.4076328861254437
acceptable;0.39962105395649816
jigsaws;0.39019637226125636
acquitted;0.4894933079444588
poker;0.47838544062129784
toys;0.5779662276123003
gateway;0.41581599261629054
keeper;0.45272178081362735
archaeologists;0.46427575115427927
midwest;0.5629426752456751
bonnie;0.41844651655560905
pound;0.6651904037005756
lauras;0.3722324492314528
bison;0.5590729698866956
ertigo;0.4659803384532032
high-class;0.5103594183058892
midsummer;0.4238868503581599
switch;0.3808961724298199
dentist;0.39833686785455336
iranian;0.385592825610757
protege;0.3825205269280315
olkswagen;0.41716276506201133
liberation;0.4146376443272514
employing;0.3720458881303652
establish;0.4388544112005374
aladdin;0.39508956078619056
randall;0.5252702870501977
respectie;0.4965724782930006
goofy;0.4148126162777791
journal;0.40989396022020974
marino;0.4781858167967056
plucked;0.38042661883879075
martialed;0.3903049995359531
donna;0.37625425510047245
workers;0.40827728833397364
manipulated;0.3825205269280315
unbearable;0.6563211983179011
pushes;0.45004934479424363
resumes;0.4011582580098991
aron;0.6319308835155468
insurance-fraud;0.5854574993039297
assembly;0.3825205269280315
anderton;0.3903049995359531
low-budget;0.4962879906185178
yorkers;0.42089755907749055
near-fatal;0.43578369023936114
predator;0.806492325966935
headhunter;0.7410825815773231
sting;0.42340815261636633
freedoms;0.4611323680831205
incredulous;0.4487723065821637
hooer;0.3803787743564669
quaid;0.46385287595758534
painting;0.44405626441212326
skids;0.5301847009259848
husbands;0.37844518314188325
judah;0.4357055495196299
preaching;0.4629725209756006
mills;0.4888600922944466
autumn;0.4782544871424078
context;0.4423516184608827
looney;0.48457741482482486
werner;0.4231935328520404
radha;0.3903049995359531
innoation;0.3886469818137657
professed;0.4878812494199414
lifeguard;0.4083245708869687
stonewall;0.5812883388435692
townsfolk;0.4530946809155918
emma;0.4043793183561395
ice-skating;0.37315135861644966
tenant;0.5362384925831927
1954;0.38118390921743506
sewer;0.44026415908590655
kidnapper;0.5352287140829005
psychotherapist;0.4878812494199414
barcelona;0.3982233600853877
mourning;0.4758424889089923
dafoe;0.45774284265624765
ricky;0.5519616445919082
paradise;0.40669060830672377
awards;0.40248208610338243
westerner;0.4573975918779196
bryce;0.5118297445112494
darius;0.3777696710246785
sheriffs;0.4357241998329404
boats;0.3956436835923423
inspired;0.42519509627453317
businesses;0.4258529303690976
adolescence;0.378756606054496
hermione;0.4825617682063654
sherman;0.3849976107207309
1968;0.4108131063316157
1974;0.405488853810197
rome;0.40861610802829146
kenny;0.44218999930908853
peer;0.39955852523580404
agoraphobic;0.42040033513876374
alcatraz;0.4266058323267744
inserts;0.4238868503581599
nola;0.5735171043670508
danyliuk;0.3903049995359531
election;0.38301657437564196
1850s;0.579691263811595
squad;0.43841359106523986
lillian;0.44937307272216664
womans;0.5186908279736699
decepticons;0.42831912039448905
discipline;0.597304309528548
stoddard;0.5202407738709386
alentines;0.4874667144262672
freeze;0.3789598828204218
oerhears;0.3878298905072767
ienna;0.458021281912699
relates;0.4493072302462019
augustus;0.447768168891016
co-eds;0.38945100633261276
catacombs;0.475989785491095
teena;0.6887735285928583
ronnie;0.420212867210389
maximillian;0.3912476426635386
introduced;0.408485571553126
milo;0.377972679851378
dumb;0.42741507030506076
collection;0.39436185229451587
normalcy;0.4622123033713713
mutt;0.5416550430133258
pornographer;0.3979126079426927
dissident;0.420379851058842
unsuperised;0.5363169933140641
lynn;0.4578364737935101
rubber;0.41716276506201133
ness;0.4461892554053092
jackie;0.46730425912485096
guthrie;0.4023071561581081
marquis;0.5392476872665999
placing;0.42086898081443724
sickly;0.45425986229090787
stig;0.41999098719802497
drugged;0.5229775346824854
walker;0.680564728170715
reconnaissance;0.4729619791322186
juan;0.40495080415116114
juliet;0.44830001377456996
benjamin;0.3808533682993145
housewife;0.3963907855025291
stones;0.4260691071969215
domineering;0.3981164566147945
plunged;0.4464984160256735
bigfoot;0.6933184550570571
misery;0.40671351842859604
newlywed;0.6617414916271646
writers;0.3777462430697907
warehouse;0.38197076802221075
spocks;0.5416550430133258
ticker;0.4533417207828923
mccall;0.5313794416512936
futuristic;0.4012097482808039
programmers;0.3720458881303652
touched;0.6226182178637387
yorker;0.3924422196728164
adele;0.374122268798578
abbie;0.4396158256042346
modeling;0.49258202202237494
underland;0.40757092642243015
camping;0.5577697648990232
brent;0.5346709187309788
enslaing;0.42290759127578903
netherlands;0.4285537690485226
stalk;0.43076432000496073
charismatic;0.5214796702287153
affections;0.4230356611330161
noah;0.3712104806221471
gestapo;0.4237044240251542
anishing;0.43267238436104505
momma;0.3781686324978511
expense;0.4097572886795546
philosophy;0.5698595546520129
snowman;0.43985245677466306
casablanca;0.5985378803063641
punishment;0.4069300465707043
2002;0.43217829457397783
peensie;0.38527399027238174
motocross;0.38374370303158045
horace;0.4365780321659347
geri;0.3903049995359531
thirteen;0.4361353548762625
1930s;0.5739209240355184
staging;0.5748532553270458
manifest;0.6014685742589
transit;0.44162526112350853
fernando;0.5888762518914106
jenny;0.3826016221566759
hilarious;0.5008792057924542
self-defense;0.47291963317652586
beast;0.3868091596275454
hedonistic;0.49579708966052516
ikings;0.6579337811147512
titanic;0.42413123733626024
stuffy;0.6350546256393886
grad;0.37141272069100834
nell;0.46032979558584053
ex-cop;0.4204892583800893
barrier;0.49615025624386155
ball;0.38431558646240177
painter;0.5715077623032349
anti-semitic;0.6504910912831363
laurence;0.38802951970095834
arrange;0.4027510185950841
feud;0.4446351088741838
obese;0.3923391291255764
flying;0.39210060675636893
terminate;0.5563483431718504
smoke;0.44156429473715847
adaline;0.3903049995359531
ramirez;0.4423516184608827
racer;0.3835210298465533
olympics;0.4270790743491215
meditation;0.4080157377924055
behest;0.43985245677466306
sons;0.3848994600572728
dana;0.4664070749923749
block;0.38404729587171166
billion;0.46436689953035104
tennessee-set;0.8363678561484709
hawaiian;0.38814379562794826
burgle;0.41818392807423543
chuck;0.6346270433068739
rolling;0.39229166889843564
heart-stopping;0.5085184992054518
pre-unified;0.41818392807423543
hurls;0.41818392807423543
rogen;0.39524404350790565
kangaroo;0.3795291640586041
congressman;0.4437515468600484
belieing;0.4108519795833552
grungy;0.3744105699827354
alley;0.4198654120973439
captiity;0.4159910730342342
controersial;0.42741939572599746
qualify;0.6300829425216168
libya;0.5912951655716822
low-leel;0.4189957080752933
grotesque;0.4871612629283488
toni;0.38208639520669746
amity;0.509679476224596
reoling;0.6170199076431808
suit;0.4858553856978819
denker;0.46220328892415496
restaurant;0.4391183796133184
misfits;0.38615183567044276
cases;0.5381258245740672
conerge;0.46380844207295546
dysfunctional;0.42315403136919205
apocalypse;0.41627626950393093
aristocratic;0.4056245532591792
reincarnation;0.6494613407451583
sailboat;0.41818392807423543
mays;0.6565515672888798
wolfe;0.5215092765012512
resere;0.6913431888033332
documenting;0.4359555568868388
grandchildren;0.47646882536053536
asian-american;0.5476734323801405
scrooge;0.4499903434264553
conceied;0.37675115274303195
conducts;0.4523588005873325
tennis;0.5606382875765371
edited;0.3766877658654877
deonshire;0.4832518392289587
undergo;0.3737975520476198
lycan;0.377177737134641
risks;0.43661972113766084
olympic;0.4346370142784934
whip;0.41056358007797955
jurassic;0.6092430348189267
oconnell;0.37643173210378167
gallery;0.39133156589479384
repercussions;0.4507093902419209
hardships;0.37315135861644966
sweethearts;0.49362148259516303
jealous;0.5135602012634546
simple;0.38210587637506116
jillian;0.4190547369208548
quick-draw;0.5560991774936812
marc;0.45701988494312484
ballroom;0.4523506844339993
malibu;0.379494961813063
mario;0.48191776860366764
symbolic;0.5883494432730954
rosario;0.3903049995359531
harboring;0.4484670786239365
wager;0.42211404600931435
sunk;0.3741813984085494
girlfriends;0.43355357438300707
minnie;0.4638406602760023
moroccan;0.5687377951639921
realities;0.38423672808621295
anti-terrorist;0.4878812494199414
persians;0.4506793897940333
britt;0.4490812720255938
chicken;0.37554503848958437
heartbreak;0.5390578095944758
replica;0.41673279885890113
dancers;0.4075279475250344
mcleod;0.4246206301893875
batman;0.40145257076819396
risky;0.3826425648096745
interrelated;0.5131468828547296
theatre;0.3845656180261644
jinks;0.3917971477796391
kimberly;0.5572481427364369
installed;0.4878812494199414
dancer;0.39852671754003044
coerage;1.1073836434939106
re-told;0.4503519225414843
infiltrates;0.6640329914038892
nomads;0.5729506677207624
entrenched;0.4338774495248505
lara;0.4750252855244476
wolfgang;0.579078482348792
enforcing;0.37607443250722833
masterminding;0.5629929689502144
aspergers;0.6399862662065142
1920s;0.5352508835637987
shark;0.4346513839446352
skirt;0.3930253520046536
kuwait;0.3976951693591174
coast;0.3812645459793538
beauties;0.4878812494199414
appeal;0.6580649742914441
achieements;0.41241805029435685
luce;0.38390655692060965
bullies;0.3914643150486261
cellar;0.42019300306488305
gail;0.4887363150258347
spiritual;0.6364549824646264
linguistics;0.49807360277087437
perry;0.3921404646293126
searching;0.3766131408519081
industrial;0.4113810859133231
uses;0.43926201861657865
truman;0.37242976471847117
owen;0.4883932842993915
incompatibility;0.5322340902762998
northern;0.37829263846910055
hijacked;0.4271716840010842
troop;0.40503667690591905
resort;0.37632593715115265
mix-up;0.42741507030506076
ousting;0.41818392807423543
deeds;0.37785117472557816
badger;0.4318194370689569
chapman;0.5536918217469553
sold-out;0.3933092364741737
familial;0.6572081188561687
whoe;0.3912542208884244
chucky;0.5617163409027082
dickie;0.4723002703100323
seduced;0.44389000394779315
accomplished;0.4700046553951113
sexuality;0.45795231530273317
paranormal;0.3991546098974268
rockumentary;0.3707327849957875
irascible;0.4316346619568179
wipes;0.39801615012534763
hogwarts;0.37819116579044293
democracy;0.3960425043119858
mundanity;0.5322340902762998
sailing;0.500152112059078
gandhi;0.647237134267794
employers;0.4237644677408645
backstage;0.4023455973207339
midwestern;0.45809421863111743
cerebral;0.43519418555029177
leon;0.4799899647305448
gothams;0.6067357707816718
intolerance;0.451291128520371
angelic;0.41716276506201133
brandon;0.6399625087832024
stranded;0.38874540686007575
extreme;0.4058336360385908
crusading;0.5352604607706856
strap;0.4485283864952452
innoatie;0.5060017182323566
missionaries;0.5109228419912931
heyst;0.3777145156799546
inkwell;0.4878812494199414
interprets;0.4549902361311937
sheldon;0.3922929335375479
perform;0.3802964880169532
rapes;0.42371596269423806
hospital;0.37532119568372807
existential;0.8088715308998999
tunnel;0.37173101024881855
gray;0.37590859231582324
unfurls;0.3903049995359531
fantasies;0.47909065989864963
salon;0.49685351113286613
sharpe;0.37314014074251334
grief-stricken;0.3707327849957875
flesh-eating;0.39320143863189577
necrophilia;0.4338774495248505
oliier;0.387180407048933
petersburg;0.5703581307627499
charts;0.5454159093224975
ethics;0.42290759127578903
tolerance;0.3738308642168707
distress;0.47357476360623696
roberto;0.3903049995359531
africas;0.6863152383393091
defeated;0.38455921527177217
faction;0.4708618225493628
alet;0.4112086131967194
flintstones;0.380589317015401
cale;0.4381438848819066
alexis;0.38809492644187116
smuggle;0.4496008983202352
cruising;0.5536918217469553
infection;0.39053086378981516
ambassador;0.41295950137667314
incorrect;0.47893709066441437
reacher;0.660181911249183
altered;0.38288152549484916
simpsons;0.49807360277087437
horcruxes;0.5646343478684366
reflects;0.38715976535257396
farewell;0.3979126079426927
defraud;0.3903049995359531
formula;0.4499348682183206
tensions;0.38207325198523573
practices;0.4706654466224876
exacts;0.44661257325375303
models;0.38387213777693435
incognito;0.39508956078619056
customer;0.3939820532726394
simpleton;0.41673279885890113
turtle;0.5531499170979007
bottles;0.9769487321258532
african-americans;0.5149861189939939
poses;0.7244200179227551
sorority;0.417079847536067
holocaust;0.3775320790743768
lars;0.46013136874284566
warlord;0.43808833432640093
couples;0.3988508082191702
boyhood;0.4149533445826061
alters;0.38384788063418585
francos;0.4672872695401449
attempted;0.3908867930587216
taeko;0.41818392807423543
freshman;0.3707532550020375
argentinian;0.9559390819726091
beth;0.4648834601082029
yaya;0.4503519225414843
get-rich-quick;0.48610067962734366
robbie;0.38925993935426706
jerome;0.3768213746368666
dener;0.5423539527462462
absolute;0.5193591028197657
centered;0.418877568262341
tycoon;0.5066575572645111
grades;0.4114087958887422
buck;0.46200306364538785
recounts;0.6920221021808107
retaliation;0.38352078986470883
blackmailer;0.41818392807423543
danielle;0.4212872556770312
hoyle;0.4036923173516964
special-ops;0.5322340902762998
leaguer;0.6158453701169693
forgieness;0.43538207392416184
alaskan;0.3883982621423536
adenturers;0.39508956078619056
self-conscious;0.5854574993039297
psychological;0.37929046981604964
bridesmaids;0.49150179828986973
seniors;0.4055812058758072
committing;0.42179733493816596
shaolin;0.49258202202237494
ghettos;0.5388042269974662
adertisement;0.65708604411659
issue;0.5095488848507463
floyd;0.41056358007797955
coaches;0.624496402533011
sasha;0.41620645477285356
hurtled;0.39432487131370125
wartime;1.1175198782169669
diminutie;0.40488563838148495
raunchy;0.6001304906676677
craig;0.4350260462986159
loe-lorn;0.41818392807423543
table;0.40600258148732843
consecutie;0.41818392807423543
rodeo;0.6253034795530203
garden;0.4051459863498004
sack;0.4231355183099301
ex-federale;0.42741507030506076
jewish;0.39987474816064156
stand-up;0.40691485449365805
cirque;0.5048193915946291
humanoid;0.5542063791462022
smallest;0.4261859446965316
wily;0.5425475700595365
exploited;0.38999163096959455
tender;0.4454936722826054
shoppers;0.5301847009259848
telekinetic;0.3776130686951181
leopold;0.6268305987794125
motiate;0.41117636154078246
exchanges;0.39062576370287855
application;0.6733188842381035
keller;0.5532967145503676
commune;0.4888845838567547
bolt;0.3811443982933501
teammates;0.6403566286290874
youre;0.37448857408858294
shrek;0.4563082754831753
patty;0.3745784141598547
reunites;0.41434607047173705
maericks;0.4878812494199414
blacksmith;0.3960802601422009
rescue;0.38895378777765033
three-day;0.37265084079399186
wear;0.3743699000649913
huntsman;0.5212044785605726
winnie;0.41344316924032776
debauched;0.3979126079426927
pope;0.4582141983048958
cable;0.4057578003712076
fundamentalists;0.4126895565815816
spirits;0.5754572356075225
shredder;0.4760695578321845
aalon;0.47490563367228966
doomed;0.4125045698660744
penguin;0.4303887783323744
assailants;0.6108927004082119
rocco;0.4161286362197614
monster;0.38665672031053944
recognized;0.6341730324544815
corky;0.5764861969071593
hanna;0.4013327729872225
dashing;0.3787134753844738
appearance;0.4708740315611828
testament;0.41426580141574737
portuguese;0.47796954098630456
sleeps;0.477765431910484
perspecties;0.4367975666039846
extraerted;0.41818392807423543
sirius;0.4727171284479934
cody;0.39113679678355384
lesson;0.39959330147077815
garfield;0.8191988329642521
gandalf;0.3738804542082288
lighthearted;0.5395141139895578
woodland;0.5127911121540035
rehab;0.4616779443384642
jojima;0.5018207136890825
breaking;0.3725401573552369
nurse;0.38712014186567467
quarantine;0.3751374400402817
paper;0.41626141629668206
hunter;0.4554513476597807
renders;0.5729633043383854
yorkshire;0.38624795595081707
pirates;0.370025102894116
shower;0.5139704519259781
pawnbrokers;0.41818392807423543
jasmine;0.3724971198154459
stalked;0.391736339516866
inents;0.6111368325576308
ezra;0.4503519225414843
hatch;0.37846744379023584
moriarity;0.4878812494199414
mariah;0.5090554339430794
millionaires;0.5202407738709386
self-diagnosed;0.4503519225414843
doogal;0.41818392807423543
sixteen;0.4894591934138599
zach;0.5311605896813568
placement;0.9032894393781051
traers;0.3773786387983221
undertake;0.4990162907802611
sociopathic;0.5255335533693813
minions;0.3800445033402919
lambda;0.4503519225414843
kowalski;0.43642951821386716
butter;0.392139396434163
delierymen;0.4878812494199414
sought;0.3817912445129692
rink;0.4085209752019697
mariachi;0.5280173143948539
encounter;0.45819042886522793
lords;0.42075234066322204
romanian;0.3860690237420333
romano;0.4069169450470186
peanut;0.4324351645964849
aristocrat;0.39042508081352967
nellie;0.5887554815362237
deelopment;0.5491822936449707
kidnappers;0.398805990065955
coen;0.6911413310037078
cartel;0.39566372804588007
bowden;0.6627715295053008
romulus;0.5280133604485457
resurrection;0.3744197509716059
identify;0.3931773745416249
coke;0.4690028431011848
supremacist;0.546479500886319
aurora;0.470466094503003
francesca;0.5007299953189857
screams;0.4926210075405405
babbitts;0.4691983553422622
showman;0.39294061934209934
cheetah;0.41818392807423543
gunpoint;0.38846557992514874
afghanistan;0.7395300977619509
compound;0.43288202221307825
co-worker;0.43144786178388056
mikey;0.3909069679208982
supreme;0.3929984663132831
carlitos;0.3903049995359531
barbaric;0.4076328861254437
godzilla;1.0022594778651248
shipment;0.5070348993112602
affluent;0.41126712214213973
tramp;0.4670954398778495
gran;0.4349113019359744
secluded;0.3828928226519378
button;0.49802717181113376
salem;0.7755684882919436
unlucky;0.38790191315328093
mercedes;0.4927242432514133
cheerleader;0.3760442432852273
researchers;0.38231711787014233
freddys;0.42344770314204166
redeemed;0.5022831280588088
humble;0.40149330039947806
taught;0.5680863200263472
deils;0.5010799859334977
freshmen;0.45224933109425886
purim;0.39021461074716446
lecter;0.4497505196579791
lured;0.44382641469388745
nerous;0.3766088152544913
jesuit;0.3803471148432131
predators;0.3846390540052562
bosnian;0.3903049995359531
antique;0.40968783387614466
speed;0.47392330880424804
diana;0.39684878802088025
moors;0.3886469818137657
hanged;0.40488563838148495
rubin;0.4549902361311937
retreating;0.4264958981108563
bombay;0.5131714588548665
newlyweds;0.5129876827105515
captors;0.41599232353807114
witches;0.5260264142233395
juno;0.5055447068124375
counselor;0.3970866154520777
burtons;0.48499410897453343
blacklisted;0.39721369820977226
softball;0.5055447068124375
blart;0.6412239847437167
racehorse;0.522211015828232
blob;0.44937307272216664
japanese-american;0.44937307272216664
shockwaes;0.41818392807423543
sheltered;0.37360976474162993
gretel;0.4013568023576283
warlock;0.45643226113202295
arcade;0.428410050515282
hit-woman;0.4878812494199414
persona;0.39509380373668745
felons;0.37054129078866155
newfound;0.4929308788992045
world-class;0.37127080189750483
laurie;0.3720458881303652
edinburgh;0.4929060891421265
ampires;0.4759342124902844
inescapable;0.3771442671236921
langdon;0.37467701596936787
counseling;0.48246548317435833
garrison;0.5110397579734423
jamaican;0.5854574993039297
oercomes;0.5794998253101984
superficial;0.4165835799634352
inspires;0.5095762477654014
pursue;0.3942738653378607
snowstorm;0.45410331559292627
jane;0.42345572219445815
cattle;0.40379777779385234
erify;0.38999163096959455
shaw;0.437337709255765
joys;0.39259369042379055
mosaic;0.41818392807423543
religious;0.4168184926119761
breck;0.41887989993030533
athens;0.606653648174925
nanking;0.5364964235560561
lower-middle-class;0.3903049995359531
proud;0.4102934419889904
babylon;0.43224072432463406
airmen;0.46707934868540424
apocalyptic;0.41119097658273895
katy;0.5476639716288341
oconner;0.38215574607262487
egetarian;0.4070333372731763
retribution;0.5181613798276901
punishes;0.8036864569838749
big-city;0.4009691692667626
imperiled;0.4031140799419436
snuff;0.45185237243373716
unspoken;0.6306170978949324
caddy;0.5828924281729695
perfume;0.37554749648923924
pearce;0.39062576370287855
wasteland;0.4532303414752991
manitoba;0.3930253520046536
fanatic;0.3764600035774833
graduated;0.5901113825568998
neille;0.5160042524706259
recent;0.4746860148186542
commanded;0.39558646239083184
uproarious;0.3911745140379119
hotshot;0.3823689772508508
etta;0.39801615012534763
yards;0.4136274873919943
sightings;0.3880429394389311
deours;0.3720458881303652
spotting;0.6220444384034642
drug-related;0.4291157667235067
compassion;0.6572081188561687
eisensteins;0.3777145156799546
shakes;0.5333862993615281
ahmed;0.507986951772884
endowed;0.4887363150258347
mountains;0.4626605250049806
irish;0.5152123424244728
defeats;0.41143330551066665
precinct;0.39801615012534763
adorable;0.4065898623116088
print;0.8158445613386921
disadantaged;0.4878812494199414
canary;0.37171904717709814
mathematician;0.3758459113144026
indy;0.6083673590454755
negotiator;0.5140645035805268
tempestuous;0.4593234764753003
callar;0.3903049995359531
mare;0.4456775704793856
abduct;0.3952127218923622
intersect;0.5734244853209992
1922;0.496675501429763
spencer;0.405718109311608
keeps;0.4239508345977361
scarlet;0.3722971241151933
hassan;0.46891103240573906
olunteered;0.38710280407352354
turner;0.4343394945852871
competing;0.4483561112912196
joyous;0.40488563838148495
cooperates;0.42894702396206813
pregnancy;0.5098461802517975
twentysomethings;0.4878812494199414
happenings;0.38527399027238174
memphis;0.4429665797759571
aboriginal;0.44759689456911456
prohibition;0.5125177372512297
cmdr;0.40134002968379395
tall;0.37574577471659953
digger;0.3903049995359531
marthas;0.5845486929801575
lifelong;0.49583181307643065
unplanned;0.4381387459041125
intimate;0.37601081304487394
banning;0.49150179828986973
kinsey;0.4878812494199414
norwegian;0.3702709857859135
tormented;0.4238868671740706
nadine;0.37767900070637106
shape-shifting;0.5388042269974662
austrian;0.4016677170924272
scam;0.3842020820275587
laughter;0.3813529117229006
clayton;0.3725912999130373
representaties;0.4281707906956391
alyssa;0.4848182749823375
quigley;0.4878812494199414
compromises;0.6505083325599218
englishman;0.3805147799171677
defects;0.4338774495248505
extended;0.5935157358583312
wrestling;0.379215280756469
awaken;0.48869321658535614
expendables;0.4458611780733569
mid-life;0.4978559733182778
suicidal;0.39114690035470856
crowds;0.3741842630303978
martians;0.45987707882316176
chaney;0.5245727841836287
pampered;0.3707327849957875
nazi-occupied;0.4011182907606554
beckinsale;0.5950430520376058
clinic;0.4073965951397476
oerdose;0.4573975918779196
bosworth;0.3744105699827354
reole;0.4126895565815816
iola;0.3920798377605136
controlled;0.4244511066518995
somali;0.40665793998538924
odette;0.38605232156586133
hughes;0.4455587722005545
kennedys;0.39432487131370125
syndrome;0.41712931523590546
shakespeares;0.7180365200941069
runner;0.6072031393836786
eeryman;0.41818392807423543
korea;0.4534028339442282
booked;0.3801725928619306
premiere;0.4102134192420921
aires;0.38371800265261485
dolphin;0.39068273777581486
reef;0.5652052622747747
weddings;0.5406318011188852
dictated;0.49807360277087437
arcel;0.3903049995359531
murrows;0.41818392807423543
cracked;0.47394933649732063
pill;0.48457741482482486
samantha;0.40810092927681524
nation;0.3744522839881943
superillain;0.3791585301093281
excursion;0.45887904156821246
malik;0.4397121037140119
coffee;0.4031852696162281
copies;0.46037363753788674
grieing;0.4130556106322018
foreigners;0.45185237243373716
rift;0.7410825815773231
unrest;0.8513707595476865
magazine;0.5348248066871626
hamlet;0.38127218710284905
all-black;0.530510132918653
kennedy;0.4128890521022824
straighten;0.3903049995359531
crimelord;0.46725077485748556
defining;0.4549902361311937
roxanne;0.3733672497752233
small-business;0.4503519225414843
aluable;0.40019018580788873
function;0.5854574993039297
willard;0.41970772791812483
embezzle;0.4503519225414843
roddy;0.3774748227819411
depression-era;0.3832789370963473
helpers;0.3939793469313027
internship;0.3825205269280315
morrison;0.3818994268025353
medallion;0.44566265088889234
industry;0.3997406783019758
triad;0.42064137974498284
restoring;0.4031140799419436
assailant;0.6860963878168794
phonetics;0.5284823069400435
pinkie;0.4878812494199414
disenchanted;0.40325133041942585
korean;0.485026757408329
stressful;0.38406039348153154
addicted;0.6399067622348121
sources;0.4958226932198906
skateboarding;0.637764091671075
ernie;0.3853663095276426
deepens;0.582554786183515
orchid;0.5101156354454612
mater;0.5759889027204761
tarzan;0.6982491639074819
mall;0.4605734147870365
grandson;0.4006698162542199
40-year-old;0.5380027592608148
phantoms;0.3903049995359531
tower;0.6144703756254122
narnia;0.40244019423884825
esther;0.6899167899831918
mantle;0.37137825931365104
enterprising;0.41140807813280716
aquatic;0.4954338126761887
aimee;0.3903049995359531
drama;0.41140375375135885
capote;0.6403566286290874
biopic;0.5745678102735534
player;0.4286660212164611
musketeers;0.5101378785981091
walley;0.447768168891016
mineral;0.43749061166460934
copy;0.41716276506201133
tsunami;0.444026843395136
rosemary;0.4290230514388427
opium-dealing;0.3903049995359531
motor-racing;0.5125177372512297
documentary;0.4632421099419997
roar;0.4168124209707182
dropping;0.4400129759709308
rattled;0.38221402009555705
felix;0.41562599168049225
malfunctioning;0.4123567424230481
illness;0.372688223950837
range;0.4019309879943049
interferes;0.37982882971985454
countrywide;0.381847597698756
mounting;0.38483984710530367
geniuses;0.3987701782184313
heists;0.4035147881504684
foundling;0.4841376047599354
encroaching;0.44218999930908853
week;0.3825985352332276
comics;0.4403981481419434
exact;0.40796280509007116
osama;0.47481250579040474
marco;0.3842139771774524
actress;0.4359636407002721
egotistical;0.44759689456911456
retelling;0.39996243392661157
ardon;0.3903049995359531
racial;0.3740055486825321
16-year-old;0.4080711059766728
slaughtered;0.426101967170483
belle;0.3949582154309386
personalized;0.40488563838148495
neada;0.3878749642352404
rumors;0.3841690377386524
beings;0.5754197381509499
prodigies;0.4503519225414843
elderly;0.38452287605537094
fishing;0.4178499501655443
enter;0.3743042106125168
promoters;0.5271228345422366
minutes;0.3844818173925888
blindness;0.40614947632050064
jamal;0.4640184330356333
donations;0.4123567424230481
nice;0.37059143301708564
naajo;0.40488563838148495
lumber;0.3863230227169309
enlightenment;0.3955112261701962
carlisle;0.4766564378517267
extremities;0.4878812494199414
co-workers;0.3748932680852112
utopia;0.42741507030506076
dawg;0.4194354435641652
trends;0.3903049995359531
graduation;0.43924569155287685
softens;0.3903049995359531
angelo;0.3781686324978511
californian;0.5776150929642784
powder;0.888533121064284
demonic;0.3748741501061105
buenos;0.38371800265261485
capone;0.5668041021299789
rickie;0.3903049995359531
sunlight;0.4727171284479934
shrewd;0.381847597698756
selma;0.3894797433069626
troll;0.6160703384709153
rugrats;0.5112011510844647
tactic;0.3948063424630464
managers;0.4126895565815816
phase;0.37995675859376876
alternate;0.5405641691702512
monaco;0.38527399027238174
booted;0.4285651943840554
rude;0.525369989432533
scarred;0.44168416930254806
idealism;0.6824853541967906
biker;0.40007461520593807
biographical;0.46863469533868024
browns;0.6666523606317857
snail;0.4878812494199414
austen;0.4878812494199414
florence;0.40834563372492383
destroying;0.3785760526839206
witch-hunts;0.41818392807423543
toretto;0.556075526009106
career-threatening;0.4503519225414843
lawman;0.3755910316292565
obscene;0.3791585301093281
repairman;0.3812296739120462
dinosaur;0.3710656445184396
herd;0.47218698735937303
script;0.37042015579813714
possession;0.402918612022062
ruby;0.38268924960367634
republican;0.44422948009285906
wreck;0.3777058154345797
italian-american;0.4352002444897865
birthdays;0.4727171284479934
ben-hur;0.39721369820977226
percy;0.42245623756968287
betray;0.4387612425073648
regina;0.44251923938489224
bustling;0.39064818253688344
chile;0.5439779301373596
stick;0.4360995389552329
teenage;0.4018440088148071
waxman;0.5774564137707842
kincaid;0.5599879829307
melin;0.4255574222208326
ring;0.42064114946654474
address;0.7233178112854874
jourdain;0.3777145156799546
psychic;0.4260710511988448
indiscretions;0.45630650489531477
episode;0.5454594226828131
male;0.3942439828146195
corleone;0.7224983840912856
thumb;0.451291128520371
mule;0.44916554464079683
shields;0.4238868503581599
bio-tech;0.37305712847538486
lieberman;0.4503519225414843
clouseau;0.40571758628181404
superision;0.38100273182339617
rugby;0.4850836310531884
enmity;0.40049645604621664
suppressed;0.40389537414286336
miners;0.3919536900826821
stock-market;0.3903049995359531
expel;0.4292113605348681
wong;0.4216173934062418
-the;0.5854574993039297
true-life;0.37716749512234726
cassandra;0.3795291640586041
full-contact;0.3903049995359531
mores;0.37925945131541094
abortion;0.77428162990747
mercenary;0.42051582064322834
contractors;0.3913047341041724
katniss;0.4221087109034318
anti-communist;0.606653648174925
iking;0.4728218859902628
upbringing;0.4446143658170164
sues;0.4264958981108563
cannibals;0.6973685968773933
acquires;0.3777696710246785
mass-murder;0.3903049995359531
pattis;0.4031140799419436
poisoning;0.41871166032770046
insanity;0.4192144258530497
collector;0.5412871238702427
ictorian;0.4167262715876454
representing;0.4680017496580361
cheated;0.4924136754666598
audience;0.3733292285621893
oregons;0.5854574993039297
cias;0.5058843309927208
redefine;0.5440677922353391
ictories;0.403345642092942
mandela;0.5552233093052
upended;0.7178778849762794
marel;0.9999785409476785
rainforest;0.3825205269280315
momentous;0.5046950518430048
dickens;0.3875555798310413
portugal;0.4599265501227505
cannibalistic;0.5019106766546183
saurons;0.4672872695401449
expecting;0.4598550091224196
caregier;0.43163837579834563
heathcliff;0.3903049995359531
hansel;0.3881938153361256
shock;0.4958829799009268
camaraderie;0.607516531415029
arlo;0.6068987616735274
fraternity;0.4190638222114285
boyfriends;0.37417232012470414
wheneer;0.4007366578391272
stella;0.4827865563425765
harker;0.3777145156799546
cleanses;0.41818392807423543
andie;0.37134977319632134
barney;0.4776110954729942
birdee;0.3969203385111388
pizza;0.6158795795952178
adersity;0.8134673918709221
oldemorts;0.5315441488770771
all-girl;0.5090312220318336
1980s;0.4506105011257031
jenna;0.3864313486246415
sisters;0.3737997970216831
comedian;0.4115058098600231
pablo;0.6758475656060172
wireless;0.4673102331879673
plow;0.594015030504614
eangelist;0.9482106398718452
miyagi;0.44937307272216664
loretta;0.6610969242931874
betty;0.5544171897996006
snowed;0.6001304906676677
inestor;0.41481680269475646
intercept;0.37377675337379496
insecurity;0.413695077732373
dewey;0.776433587604958
massachusetts;0.6456165743865565
southwest;0.38034526930600254
ridicule;0.4473218613649377
boots;0.4813801828917808
loft;0.46914273431984566
mathematical;0.5703581307627499
ladimir;0.3845077858652761
obtain;0.43243910770578753
samara;0.4878812494199414
reich;0.45197667343746073
pianist;0.7052413037631184
catastrophes;0.38517691947614285
newt;0.43366852088966834
palisades;0.5711998635413255
iring;0.39071627067878567
diner;0.46374724298471803
comment;0.44365799771125736
surprises;0.3853724534842493
stumbled;0.4326652591009976
defiant;0.43835618448768765
eddy;0.4549902361311937
spoof;0.4891953701321351
standup;0.7602765358264564
wars;0.4661108636634538
extraagant;0.37956063543615226
anthropomorphic;0.6206175428899487
expose;0.5498981048001154
coleman;0.5055447068124375
harmonium;0.4503519225414843
a-list;0.4849425714250968
strip;0.38925825855598895
treason;0.4613805710764915
yuppie;0.415548336028573
nautilus;0.3903049995359531
drummer;0.3840072501362564
upstate;0.41281681815743376
modern-day;0.40796871723769923
wade;0.37730372744562335
musician;0.5825683010947801
melanie;0.3917190584028335
tobacco;0.5954637258106971
bunny;0.4346530768875397
responsibility;0.3752382371728976
colombian;0.5532515418094686
participant;0.5031258326171626
1952;0.45284313505978957
pops;0.4343513554974569
kuklinski;0.4878812494199414
summon;0.3736149684692418
unfinished;0.5002914661545944
entwined;0.43441693801424364
strained;0.4316790821365574
middle-aged;0.39540354786909165
chauffeur;0.4610387582983934
brotherhood;0.37662627275830607
orson;0.44262497293155334
science;0.3960314331583126
lying;0.5012832753358287
gracey;0.3903049995359531
oerworked;0.38397030046767333
inflict;0.477458889767302
cyclist;0.4177897765732974
disintegrate;0.37634994840481456
mentored;0.39857437754487823
clifford;0.42886503545455046
lisas;0.3717603148876827
malfunctions;0.3958890823902238
prohibition-era;0.3849917382648562
eaded;0.4533417207828923
housemaid;0.6959446613262126
handling;0.5202407738709386
peters;0.39093598376038496
shaun;0.4031140799419436
snobbish;0.552144486584838
prooked;0.3903049995359531
andes;0.5105652946316674
actiist;0.42447552929650156
chess;0.4705616465422217
portrait;0.39588800673280294
diagnosed;0.41508552150661526
succeeded;0.40488563838148495
drifter;0.4028632834868511
dennis;0.41902005299127887
relaxing;0.38933641590372753
theories;0.4791410703478478
hurley;0.4178055428201963
martial-arts;0.45988905431849947
dwellers;0.41818392807423543
godfather;0.5748532553270458
1200;0.4031718925656554
terry;0.42209590589310875
organizers;0.8363678561484709
dynamics;0.4422896158395839
lennon;0.5090312220318336
deported;0.37732664888047834
christine;0.3963112026395683
gilbert;0.43528584721990216
follow-up;0.41818392807423543
comic;0.39861164922197845
babysitting;0.5898021579478436
website;0.38681255504416073
unrelated;0.5284911230713094
originated;0.3903049995359531
resoled;0.5228282865325209
swiss;0.38521369016881035
crucial;0.6016361663691404
poison;0.3841625100445418
computers;0.4258529303690976
season;0.4617903348716851
malone;0.40402582859137326
mile;0.37101299146566624
quarry;0.3707327849957875
glass;0.3750895579025808
conflicting;0.8220239135161583
locked;0.4281385738918351
inexperienced;0.4234423940180823
swan;0.5194793353232378
boxers;0.4213018933831511
recapture;0.510460310684125
alexia;0.6511803451209933
spitfire;0.48453505665919333
santa;0.4172621966289489
dinah;0.3903049995359531
protectie;0.42279570109377757
deastate;0.4672872695401449
erotic;0.5084665078004452
commences;0.4023071561581081
hitmen;0.49694655998650705
symbols;0.49946032595829315
lindsey;0.6081740833833833
grail;0.41673279885890113
troublesome;0.8626618456182287
itinerant;0.44487934199494494
breakdown;0.37559245361036186
rehearsals;0.4622617695853452
reindeer;0.5072584176829881
salador;0.5081514683128859
lawn;0.3777058154345797
alienate;0.38983251565708144
hank;0.46084524030744245
sunset;0.6210977826552804
two-day;0.42772290118091066
neutron;0.5139704519259781
annapolis;0.41818392807423543
ouija;0.3812926306540335
shorter;0.3903049995359531
oppressed;0.3909115754826668
inention;0.4167900392704044
enforcer;0.3823787444474004
oregon;0.37970481287311253
puppies;0.4659803384532032
peaks;0.4878812494199414
quadriplegics;0.3903049995359531
deastated;0.37748359762186806
fbis;0.39160560402324857
goerness;0.5631513919420453
culled;0.40624128225999434
disqualified;0.5125177372512297
carefree;0.45926061572592053
striker;0.38619054294844846
clause;0.43520805195157664
smugglers;0.4064239207807752
granny;0.3827256197157065
rancher;0.46000271408129134
circles;0.5001823385414912
addictions;0.5135692259681903
song;0.403882678456509
jeffrey;0.41358494067483015
gunslinger;0.6868914207420046
pluto;0.37747338108662
rehabilitation;0.4784619546617711
smurfs;0.380589317015401
december;0.4680548815515967
rekindle;0.45911595470101246
incarceration;0.5338983479553847
terrier;0.4206107619516867
illuminates;0.43347972853665884
dodger;0.38527399027238174
pussn;0.4878812494199414
hiking;0.48869321658535614
fortunes;0.3993879447930664
candy-loing;0.41818392807423543
expansion;0.4136274873919943
iris;0.6045708996458546
infiltrating;0.44973218732479664
culture;0.40512531188422946
katie;0.4002904401554228
christy;0.37265084079399186
night-time;0.4290230514388427
edwina;0.3777145156799546
1998;0.376799671256265
jess;0.5442252971501303
blofeld;0.494137035672066
tiffany;0.4075972601126183
rain;0.44768566720447667
house-mate;0.4878812494199414
embroiled;0.53243472507544
list;0.4134235064351243
lincoln;0.4250919078509683
ouimet;0.3903049995359531
eterinary;0.3972887716738074
hebrew;0.5108662300420421
bomb-making;0.4503519225414843
cleaning;0.3841583172484997
eroticism;0.755539342049357
grandfathers;0.37972773359381107
malicious;0.38517395290514705
riget;0.3777145156799546
failure;0.3860000618284944
r-rated;0.4031140799419436
action-packed;0.384086537104688
1941;0.41833464307341944
faith;0.4238722972142596
emigrate;0.4112086131967194
manipulatie;0.3932287586507959
implications;0.5797856821343128
black-and-white;0.43335060456272256
planes;0.38643809589300127
edmond;0.4403699536693706
mutations;0.37634994840481456
badlands;0.40665793998538924
draft;0.4397121037140119
madeas;0.3875842752228687
wolerine;0.45630835952423265
labors;0.3797518924412675
burke;0.5995401302894507
reinents;0.5322340902762998
witchcraft;0.5008495944397141
con-woman;0.5599879829307
honoring;0.5022619489759931
sandy;0.3906252001006044
dubois;0.4672872695401449
elimination;0.5282426324244245
dorian;0.4897228903548202
oerboard;0.39320143863189577
2013;0.38108669632337594
sands;0.4863839094294026
golfing;0.3903049995359531
spill;0.39531315419919916
jazz;0.5681432282278034
recordings;0.403223064504073
ex-marine;0.40757092642243015
match;0.3884469994304775
carniorous;0.4383743912896866
blitz;0.3794860537078311
malcolm;0.3708780695865075
surrounds;0.39840504697866175
marathon;0.3867626241633119
leopard;0.40049645604621664
honeymoon;0.5601343564013881
satellites;0.4651860957643857
richie;0.37221423468608034
plunder;0.6505083325599218
sympathies;0.4718417263582749
twisting;0.8158445613386921
small-time;0.37086332240843256
1900;0.5392476872665999
alentin;0.4855156301789483
program;0.37864558643842194
online;0.37002193762352326
griees;0.41056358007797955
sobel;0.4011161832437944
guitarist;0.41883548820764016
knight;0.40120504644601945
eugene;0.41673279885890113
unbreakable;0.45869803456661884
gays;0.6588512082676856
risk-management;0.4878812494199414
drebin;0.39955852523580404
cope;0.3957857364704819
journalist;0.5127618305340998
mermaid;0.5255001183679682
doll;0.3986527645619842
bats;0.5640814623380881
conoy;0.428383536076046
lori;0.4499903434264553
telekinesis;0.45040698327733075
lawyers;0.5408178869243284
stronger;0.40978049216052453
dumped;0.3818165574411533
diplomats;0.3875842752228687
focused;0.6606239950216344
high-strung;0.5311713970195195
dying;0.37060466949086424
1990;0.385693615740488
jobless;0.4781858167967056
hike;0.401638284858893
1951;0.4954338126761887
blaxploitation;0.6951239718671015
poitier;0.496675501429763
sheffield;0.414086563404638
priya;0.4381387459041124
theater;0.3830590026739175
singles;0.48805294008857025
geist;0.426101967170483
bone;0.4643582607283086
fable;0.40929543379915606
exed;0.38374370303158045
thatcher;0.4089269639764217
indonesia;0.43709206949249246
compilation;0.39526644726515786
cascade;0.8313401845360082
stitches;0.4336722217066145
stock;0.4196638655370174
interactions;0.4514152770717596
tris;0.5200969366756873
brewster;0.47665643785172673
capitalists;0.4503519225414843
aldous;0.438116818135437
grizzled;0.3803471148432131
kitty;0.38334252490023496
elections;0.4522037692432512
clyde;0.45887904156821246
medication;0.4159546483926184
expatriate;0.5335590417285302
illinois;0.3772677340721191
tunes;0.37942801023023026
post-it;0.3929740231092631
ignettes;0.6653555627623979
mcphee;0.45750253327925905
drilling;0.38215300196530444
tromaille;0.5064239149981982
brothel;0.3903049995359531
reformed;0.37809525792664056
axel;0.37169435027226316
gillen;0.4541792018421898
washed;0.40726180932180156
lyle;0.5629511760850339
heayweight;0.7056366152681661
terrorized;0.4936624379335114
philippe;0.40149450988477686
oakland;0.4127711659718042
hale;0.40186383689382943
1980;0.41042577205922515
chipettes;0.39320143863189577
triple;0.3805372884006348
reenge-seeking;0.3903049995359531
aant-garde;0.6740596090832499
binds;0.40554685271766955
mumbai;0.37640336750051967
moses;0.3751048627986341
programming;0.4712048937270105
product;0.5309218221287592
joking;0.6403566286290874
morocco;0.512966091234229
magali;0.3777145156799546
climes;0.3972887716738074
charley;0.410391561351652
surfers;0.6680412197164352
pledges;0.5208642433825112
madeline;0.4555743057539552
communitys;0.42038126157880107
timothy;0.383694182359012
reworking;0.4503519225414843
oer-curious;0.3903049995359531
saant;0.6326067454230501
beleaguered;0.4503519225414843
isla;0.39955852523580404
genius;0.3720152999698332
duplicate;0.5135692259681903
draen;0.3777145156799546
experiencing;0.4768068513516699
rare;0.39393365819098447
spokesperson;0.380990213829663
midwesterner;0.5599879829307
bedlam;0.5304936663694149
malkoich;0.4073429829548579
dislikes;0.4559815002621984
oasis;0.46725569820918483
cotton;0.4318623847517854
escobar;0.6758475656060172
lemurs;0.43013782827528824
legion;0.40938477393274314
1946;0.4119838029346723
con-artist;0.5958205473146584
starship;0.38777570757245955
warship;0.5009591706075343
affects;0.39540162487310915
wilderness-themed;0.3903049995359531
thirty-something;0.5854574993039297
aileen;0.39395580249561946
slight;0.42352032322489913
rediscoers;0.6788418657878599
indiiduals;0.6099114684315823
fallout;0.5198389520840823
rodgers;0.5660460003254878
poem;0.8220239135161583
frazier;0.4832412638648299
liberal;0.4118824809941493
harassment;0.4049713126719545
school-teacher;0.7944273964195445
athletes;0.534836891688049
fools;0.37554749648923924
portokalos;0.41818392807423543
moroi;0.3903049995359531
mozart;0.579078482348792
facebook;0.4608366715160994
thirteen-year-old;0.39064818253688344
spunky;0.3903049995359531
lili;0.5517122984538916
carlos;0.41195016586972344
broome;0.46715575046625235
adance;0.3758156267103674
litany;0.401638284858893
denis;0.5208642433825112
diary;0.6879677947136049
purchases;0.417265458919718
blanchard;0.4254454156031941
messenger;0.4629725209756006
percial;0.47095480582000754
befriending;0.3989258542446673
seasons;0.43728514509282196
coconut;0.3777145156799546
lottery;0.47333238686497986
rudy;0.37478519387298637
cantankerous;0.48425861389401903
legend;0.4484398479291035
rippers;0.3903049995359531
gospel;0.41649942166445264
whisky;0.8697543343009676
zhao;0.4177897765732974
30-year-old;0.41818392807423543
declared;0.3719668748050325
wrapped;0.41673279885890113
skipper;0.4083245708869687
scroll;0.37554749648923924
1986;0.37389930133485005
inciting;0.3734137038955504
spells;0.4878812494199414
cohorts;0.3810536530575083
bull;0.4322773579990407
welles;0.3897645050985563
owls;0.5459882833574325
disruptie;0.606653648174925
irishman;0.47483092161183227
get-together;0.4729533688919954
pierrot;0.6124868563304531
grateful;0.37650114944536284
rebirth;0.606959505490579
mendoza;0.3803471148432131
mowgli;0.4659803384532032
transmission;0.3704066446490088
aiation;0.5041460390920667
ugandan;0.4503519225414843
oppression;0.5032022084898642
break-up;0.49782890200125485
enthusiasts;0.7300548743209363
redford;0.37345689807760885
triggering;0.4729533688919954
shuttle;0.4266711049207845
murmansk;0.428383536076046
sophie;0.550396452204997
marshall;0.3998802111093162
seduces;0.3995958490020345
strife;0.4159910730342342
comedydrama;0.42407549810111755
suite;0.4659450051800745
sketch;0.41818392807423543
transplanted;1.1121983549873624
dictatorship;0.5052873418551224
pekar;0.41818392807423543
sixty-something;0.7185261761944208
split;0.41765585310842457
uneiling;0.385967053547723
riots;0.5452166342368847
greatness;0.4117267601611368
jewish-american;0.42971300079057184
discharged;0.4082038005317818
eronika;0.41818392807423543
assuming;0.43612566456008806
cultiated;0.3806454263058353
check;0.41117636154078246
parlor;0.5456771623372799
wesley;0.46882477480798757
whorehouse;0.49902154930518017
faustian;0.43864069526773286
masterminded;0.47484361125702623
superhuman;0.4207126257304166
lasting;0.4085209752019697
wales;0.606653648174925
14th;0.46468141997811996
swedish;0.5200479909824184
mail;0.44467343672624426
preparation;0.44235701305483294
toxic;0.47630398193680024
mirrors;0.39650565240191166
raccoon;0.42690441908605836
franco;0.43119989698707895
memories;0.38381153044378796
yoga;0.3876368371916559
allegation;0.4044357654499499
reincarnated;0.4381387459041124
behalf;0.4954338126761887
disarming;0.4629725209756006
rails;0.41056358007797955
infantry;0.39721369820977226
oerlord;0.3719859290831242
janet;0.38527399027238174
rallies;0.4881381181762554
terrorists;0.42658081313449536
aristocracy;0.39057617118344823
deputies;0.4355462089461
chad;0.4146407918491471
contenders;0.4878812494199414
october;0.3991318707640959
poetry;0.39129595626309244
follower;0.4781120483032354
disguises;0.6926906857528287
laundering;0.587987382077235
meat;0.7881741563265621
niki;0.4549902361311937
bogus;0.5416550430133258
eternal;0.37631993614724213
2307;0.4503519225414843
rafting;0.43995832663773765
fletcher;0.39923273234668494
jonah;0.45368952076203645
clashing;0.3781686324978511
1976;0.43548796970854897
flood;0.4284189969518167
candleshoe;0.3777145156799546
obnoxious;0.548535449189649
chaotic;0.39733046710531966
clutches;0.40273744554745555
spooky;0.39834304335799686
durant;0.6403566286290874
mcqueen;0.38487990035274816
jima;0.3805372884006348
stuntman;0.42019300306488305
marital;0.4646252697284876
unruly;0.4791407447700866
simmons;0.4929060891421265
oskar;0.469434370611549
sullian;0.3789336708069277
loelorn;0.37610572390876984
relatie;0.40013471955879876
dystopian;0.4802387560303487
1978;0.45688496250331445
courtesan;0.6117515779915209
hapless;0.44178338487816693
ex-gambler;0.5854574993039297
money-laundering;0.606653648174925
right-hand;0.6403566286290874
murder-and-mayhem-loing;0.5322340902762998
ripley;0.4757392090409901
coincidence;0.44251923938489224
predict;0.4169969126124513
careers;0.4787827590108846
leukemia;0.7699834765297124
crusades;0.532391246433109
peculiar;0.43560601956173195
barbarians;0.38023875384183325
sleepwalking;0.7318218741299121
becky;0.4728580390591546
griswold;0.447768168891016
controls;0.41627020896663103
bookish;0.5149861189939939
gridiron;0.44097456498414694
psychiatric;0.3887144752059719
supermarket;0.49788635244196267
european;0.3878178705168828
oyeur;0.39665815457591247
pinocchio;0.37749867413011273
debunking;0.37359902087018837
riiera;0.386044962456522
choking;0.47490563367228966
weld;0.3795291640586041
gates;0.3713793256020217
primitie;0.3933092364741737
biography;0.42997651885863153
widows;0.6189414565025491
capties;0.45061308667007294
one-man;0.47880050975792454
1630s;0.6077388962038605
hannigan;0.415585623645312
lemuel;0.37027069194223633
dementia;0.6117515779915209
magician;0.46928967649826303
creed;0.39385459716782917
expressing;0.3763077140934684
bronx;0.4143137755010414
altruistic;0.47484361125702623
kathryn;0.4878812494199414
soil;0.4470039082925687
riddick;0.37062060338248926
hemingway;0.5950430520376058
dispute;0.4805726683558956
diorcee;0.41818392807423543
crucifixion;0.4172690770550112
nymphomaniac;0.5363869568301723
reagan;0.4314179169572413
ballet;0.41722309787825856
neurotic;0.4070832801101088
donors;0.39385459716782917
wuornos;0.7676329946193767
boarded;0.5392476872665999
guile;0.4614505437436041
coaster;0.40184322849193743
beekeeper;0.41818392807423543
sureillance;0.39457872287604123
1924;0.4503519225414843
1831;0.5088706588309404
joanna;0.42111238109757876
11-year-old;0.37926542167607735
up-and-coming;0.376915809506679
ishmael;0.3862360199041623
passionless;0.41818392807423543
impromptu;0.5686463100322617
30000;0.4023685389952787
katadreuffe;0.5322340902762998
babe;0.3992120393000107
two-timing;0.4878812494199414
childlike;0.3870320712773675
capsizes;0.48996225165225027
hi-jack;0.3903049995359531
elisabeth;0.43366072752209084
head-mistress;0.4503519225414843
ritchie;0.4781858167967056
generations;0.4117048550165613
prosecute;0.5208155326144029
antarctic;0.4557316326342935
russ;0.3766889782414861
calamity;0.6312477149928273
contacted;0.4503519225414843
staying;0.37720572673864333
acclimated;0.4473304678461567
frenchman;0.4342012729609007
bourne;0.4622347970423494
fetish;0.41542719775284515
hitchcockian;0.3886469818137657
historian;0.4593234764753003
reporters;0.3940085652266501
morern;0.3903049995359531
julius;0.40850527505823064
rapper;0.4662120337947958
high-speed;0.4048269025538668
bugs;0.5366922283398553
geisha;0.4423516184608827
benson;0.46587326614925384
manus;0.40845872044460213
girls;0.401570718205989
baxter;0.4175286727385923
groe;0.381847597698756
kumbh;0.7061050659085192
joshua;0.3708705574759443
unsettled;0.38273287816239837
15-year;0.40792228066934605
incheon;0.6505083325599218
manchu;0.3777145156799546
heard;0.39503331010265685
releance;0.4322773579990407
jose;0.4822463838388482
ermont;0.39502090457796446
thornton;0.3851496549325702
conan;0.46694204441910614
interpreter;0.45470244977057944
monsters;0.45715424675011407
daisy;0.38956512353353423
treor;0.5729633043383854
borg;0.4778592127409386
anti-war;0.4849425714250968
junior;0.42245123538310697
enable;0.4018500644721129
prompts;0.40826709285096696
duchess;0.5284823069400435
self-proclaimed;0.4725773468268766
anti-semitism;0.8363678561484709
climate;0.41221022925520556
blast;0.39801615012534763
training;0.40761757633322454
scramble;0.3762335203462243
icon;0.3898870443759512
queens;0.381043681658089
madea;0.463210716095502
surf;0.3765940876450749
executies;0.45175353552411723
coaxed;0.47635766698466075
marrow;0.7424083107035795
webster;0.39014863243133757
benji;0.4114087958887422
headlong;0.6003343393397694
melissa;0.41150063701880835
candy;0.3969962987354673
candyman;0.5572481427364369
tucker;0.5137832131456771
league;0.4569095338922168
chubby;0.39955852523580404
ginger;0.4413485535664136
franois;0.38798802681373146
client;0.382140658654212
self-help;0.5322467235811925
fuels;0.5590729698866956
burgeoning;0.44537605643754785
attic;0.41358052622587044
embarrassments;0.8363678561484709
kendrick;0.49902154930518017
demigod;0.5599879829307
prescribing;0.41818392807423543
suits;0.5187190212067441
outdo;0.572063747182495
nemo;0.6681982211781782
migrant;0.39508956078619056
torturing;0.39432487131370125
entertainers;0.4878812494199414
oluptuous;0.6305697765882631
aenger;0.5777745083276817
drug-fueled;0.38785990031655426
style;0.4217706468352364
haddonfield;0.37495534728169966
moose;0.3707327849957875
counterpart;0.5322340902762998
blood;0.40724786879168984
hones;0.4035320483661153
outage;0.7901791215723811
handmaiden;0.3903049995359531
success;0.3939409900021892
edwards;0.5375077706473695
gong;0.4403491845632285
word;0.4261507021814293
cobra;0.3846779202970477
adultery;0.44229974430347274
arkansas;0.3805192669818911
mandelas;0.4573975918779196
featured;0.3917971477796391
gymnast;0.5854574993039297
imperfections;0.7077625895374124
mental;0.391717309443651
deil;0.37653759378880286
willem;0.45774284265624765
botched;0.3760998102054051
contestants;0.3830906198471924
chipmunks;0.4758915493396891
succesful;0.40614947632050064
mystic;0.8847032369217654
forster;0.3903049995359531
arabia;0.5031258326171626
shared;0.3807123635501378
islanders;0.6505083325599218
longest;0.41999098719802497
dispatched;0.4469474330376867
japan;0.40942480776325424
finance;0.6206175428899487
holden;0.4026023134198218
outskirts;0.39412550057248863
architects;0.3991137833735591
hijacks;0.4423516184608827
notebook;0.37120415535178974
redemptie;0.4832518392289587
naie;0.37056180367777475
inhabits;0.39830795082192044
20-year-old;0.4619435614609675
sexist;0.5854574993039297
speculation;0.43835618448768765
customs;0.49916300294092747
screens;0.469434370611549
loneliness;0.4555594075882843
gaggle;0.38756932270270267
becca;0.43909312447794724
andys;0.4556963628863446
hilarity;0.3749789470294714
boating;0.37315135861644966
fido;0.4503519225414843
newfoundland;0.5777653792142142
weed;0.46040153461666117
stories;0.3812917094716829
contemporary;0.4612929370872608
protects;0.7612908526116706
nebraska;0.38031066017550585
3000;0.45082657135427245
chronicle;0.5732508778579097
cancer-stricken;0.7090756926719902
meteorite;0.5347107475900781
carnial;0.5617090918104887
dundee;0.42359320454056903
warming;0.4970430408660461
unforeseen;0.421491380377921
stint;0.4079541779692153
sled;0.4257218583683684
neighbors;0.3882101250962888
grader;0.46328555175381264
setbacks;0.38991448955065333
apatosaurus;0.41818392807423543
lund;0.38527399027238174
ticlaw;0.428383536076046
play;0.4318348492182791
arlequin;0.548866405597434
sisterhood;0.4627167978202749
mauled;0.4484670786239365
dragon;0.3912362187331425
fantasia;0.4143164902175235
tonto;0.3925036543574825
charlene;0.4126227242647263
capsized;0.4985556094832332
trapeze;0.4023071561581081
ex-football;0.9316466739829203
seoul;0.5340471345880959
strain;0.4369398777088806
dinosaurs;0.392401927409204
confer;0.41818392807423543
plus-sized;0.7693071625406656
gathering;0.4932946310927568
27-year-old;0.44404620615649104
look;0.39770094016910795
geoffrey;0.40665793998538924
addicts;0.42737230863895914
discriminatory;0.4878812494199414
bed-and-breakfast;0.5322340902762998
